nombre,años_experiencia,nivel_educacion,habilidades,idiomas,certificaciones,puesto_actual,industria,titulo,descripcion,salario,ubicacion,requisitos,fecha_postulacion,fecha_publicacion,contactado
Diego Morales 1,18,doctorado,"javascript, vue, react, html, css, agile",español,aws solutions architect,semi-senior,educación,Desarrollador Frontend,Desarrollo de interfaces de usuario,32249,sucre,"javascript, react, css, html",2025-10-04,2025-10-01,1
Ana García 2,4,maestría,"python, tensorflow, sql, pandas, machine learning, numpy","español, inglés, francés",pmp,senior,startup,Data Scientist,Análisis de datos y machine learning,28629,tarija,"python, machine learning, sql, estadística",2025-09-15,2025-09-06,1
Lucia Santos 3,0,técnico,"sql, machine learning",español,pmp,senior,tecnología,Data Scientist,Análisis de datos y machine learning,17464,santa cruz,"python, machine learning, sql, estadística",2025-10-12,2025-10-05,0
Miguel Torres 4,10,maestría,"vue, html, css","español, inglés",aws cloud practitioner,manager,educación,Desarrollador Frontend,Desarrollo de interfaces de usuario,19893,santa cruz,"javascript, react, css, html",2025-10-31,2025-10-24,1
Alejandro Silva 5,1,licenciatura,"celery, django, postgresql, mysql",español,google cloud professional,lead,salud,Desarrollador Backend,Desarrollo de APIs y servicios backend,16416,tarija,"python, django, postgresql, apis",2025-10-29,2025-10-19,1
Sofia Vargas 6,15,doctorado,"numpy, tensorflow, scikit-learn, python","español, inglés, francés",scrum master,senior,salud,Data Scientist,Análisis de datos y machine learning,39441,santa cruz,"python, machine learning, sql, estadística",2025-09-19,2025-09-13,1
Carmen Ruiz 7,1,licenciatura,"postgresql, react, python, javascript, django, docker, api","español, inglés",pmp,junior,finanzas,Desarrollador Full Stack,Desarrollo completo frontend y backend,22118,santa cruz,"python, javascript, react, django",2025-11-09,2025-10-26,1
Gabriel Ramos 8,0,licenciatura,"pandas, machine learning, python, tensorflow, api, git",español,scrum master,junior,finanzas,Data Scientist,Análisis de datos y machine learning,17234,cochabamba,"python, machine learning, sql, estadística",2025-10-30,2025-10-24,0
Carmen Ruiz 9,0,licenciatura,"numpy, tensorflow, sql, machine learning, python, linux, testing","español, inglés, francés",microsoft azure fundamentals,manager,educación,Data Scientist,Análisis de datos y machine learning,18464,cochabamba,"python, machine learning, sql, estadística",2025-10-04,2025-09-27,0
Alejandro Silva 10,12,licenciatura,"typescript, vue, css, javascript, html","español, inglés, francés",scrum master,manager,startup,Desarrollador Frontend,Desarrollo de interfaces de usuario,25059,sucre,"javascript, react, css, html",2025-10-24,2025-10-14,1
Valentina Cruz 11,1,técnico,"numpy, sql, pandas, scikit-learn, machine learning, python","español, inglés",aws cloud practitioner,lead,educación,Data Scientist,Análisis de datos y machine learning,20151,cochabamba,"python, machine learning, sql, estadística",2025-09-17,2025-09-09,1
María Rodríguez 12,1,licenciatura,"python, react, postgresql",español,google cloud professional,manager,tecnología,Desarrollador Full Stack,Desarrollo completo frontend y backend,17765,cochabamba,"python, javascript, react, django",2025-10-09,2025-10-08,1
Diego Morales 13,4,técnico,"html, vue, angular, javascript, api, git","español, inglés",microsoft azure fundamentals,semi-senior,tecnología,Desarrollador Frontend,Desarrollo de interfaces de usuario,13248,tarija,"javascript, react, css, html",2025-09-23,2025-09-22,1
Sofia Vargas 14,14,licenciatura,"pandas, tensorflow, numpy, machine learning","español, inglés, francés",microsoft azure fundamentals,manager,finanzas,Data Scientist,Análisis de datos y machine learning,26141,cochabamba,"python, machine learning, sql, estadística",2025-10-19,2025-10-12,1
María Rodríguez 15,1,licenciatura,"postgresql, mysql, flask, django, redis, python",español,aws solutions architect,senior,salud,Desarrollador Backend,Desarrollo de APIs y servicios backend,17913,cochabamba,"python, django, postgresql, apis",2025-09-09,2025-09-06,1
Carlos López 16,1,licenciatura,"django, react, docker, python, postgresql, javascript",español,aws solutions architect,junior,salud,Desarrollador Full Stack,Desarrollo completo frontend y backend,20662,la paz,"python, javascript, react, django",2025-09-07,2025-08-30,1
Diego Morales 17,1,técnico,"redis, postgresql, flask",español,aws cloud practitioner,lead,educación,Desarrollador Backend,Desarrollo de APIs y servicios backend,17126,santa cruz,"python, django, postgresql, apis",2025-09-06,2025-09-02,1
María Rodríguez 18,1,licenciatura,"docker, react, javascript, python, postgresql","español, inglés",pmp,semi-senior,salud,Desarrollador Full Stack,Desarrollo completo frontend y backend,17024,la paz,"python, javascript, react, django",2025-09-25,2025-09-18,1
Sofia Vargas 19,2,licenciatura,"javascript, docker, react, python, postgresql",español,pmp,manager,finanzas,Desarrollador Full Stack,Desarrollo completo frontend y backend,20705,la paz,"python, javascript, react, django",2025-09-17,2025-09-07,1
Ana García 20,4,licenciatura,"scikit-learn, numpy, sql",español,aws solutions architect,manager,educación,Data Scientist,Análisis de datos y machine learning,25974,santa cruz,"python, machine learning, sql, estadística",2025-09-27,2025-09-13,1
Juan Pérez 21,0,licenciatura,"react, angular",español,aws cloud practitioner,lead,finanzas,Desarrollador Frontend,Desarrollo de interfaces de usuario,11551,la paz,"javascript, react, css, html",2025-11-03,2025-10-26,0
Valentina Cruz 22,2,licenciatura,"react, typescript, html, angular, css","español, inglés, francés",google cloud professional,manager,tecnología,Desarrollador Frontend,Desarrollo de interfaces de usuario,15073,santa cruz,"javascript, react, css, html",2025-10-05,2025-10-03,1
Juan Pérez 23,1,técnico,"redis, postgresql, python, mysql","español, inglés",microsoft azure fundamentals,junior,finanzas,Desarrollador Backend,Desarrollo de APIs y servicios backend,19567,la paz,"python, django, postgresql, apis",2025-10-23,2025-10-11,0
Valentina Cruz 24,1,técnico,"sql, python, pandas, numpy, machine learning","español, inglés, francés",aws solutions architect,lead,tecnología,Data Scientist,Análisis de datos y machine learning,20394,cochabamba,"python, machine learning, sql, estadística",2025-10-12,2025-10-09,1
María Rodríguez 25,0,licenciatura,"redis, celery, mysql, python, flask",español,sin certificacion,manager,salud,Desarrollador Backend,Desarrollo de APIs y servicios backend,15443,santa cruz,"python, django, postgresql, apis",2025-10-22,2025-10-19,0
Alejandro Silva 26,1,licenciatura,"python, sql, tensorflow, pandas, scikit-learn, machine learning",español,aws solutions architect,senior,educación,Data Scientist,Análisis de datos y machine learning,17794,sucre,"python, machine learning, sql, estadística",2025-09-14,2025-09-01,1
Diego Morales 27,0,licenciatura,"django, python, javascript, postgresql",español,aws cloud practitioner,senior,finanzas,Desarrollador Full Stack,Desarrollo completo frontend y backend,17407,santa cruz,"python, javascript, react, django",2025-08-31,2025-08-30,1
Alejandro Silva 28,3,licenciatura,"angular, typescript, javascript, html, css, react",español,sin certificacion,junior,startup,Desarrollador Frontend,Desarrollo de interfaces de usuario,15264,sucre,"javascript, react, css, html",2025-09-02,2025-08-29,1
Carlos López 29,0,licenciatura,"react, typescript, angular","español, inglés, francés",sin certificacion,junior,educación,Desarrollador Frontend,Desarrollo de interfaces de usuario,13308,tarija,"javascript, react, css, html",2025-10-28,2025-10-23,1
Diego Morales 30,1,licenciatura,"mysql, redis, postgresql, python","español, inglés, francés",scrum master,junior,finanzas,Desarrollador Backend,Desarrollo de APIs y servicios backend,20073,santa cruz,"python, django, postgresql, apis",2025-09-09,2025-09-01,1
Carlos López 31,1,licenciatura,"redis, django, celery, flask, mysql","español, inglés, francés",aws cloud practitioner,semi-senior,finanzas,Desarrollador Backend,Desarrollo de APIs y servicios backend,17675,la paz,"python, django, postgresql, apis",2025-09-18,2025-09-06,0
Gabriel Ramos 32,1,licenciatura,"postgresql, mysql, linux","español, inglés, francés",scrum master,lead,startup,Desarrollador Backend,Desarrollo de APIs y servicios backend,16404,cochabamba,"python, django, postgresql, apis",2025-11-02,2025-10-24,0
Gabriel Ramos 33,4,maestría,"python, flask, redis",español,scrum master,semi-senior,tecnología,Desarrollador Backend,Desarrollo de APIs y servicios backend,23610,sucre,"python, django, postgresql, apis",2025-11-05,2025-10-27,1
Miguel Torres 34,0,licenciatura,"react, docker, python, django","español, inglés, francés",pmp,lead,finanzas,Desarrollador Full Stack,Desarrollo completo frontend y backend,21305,santa cruz,"python, javascript, react, django",2025-09-21,2025-09-09,1
Sofia Vargas 35,3,licenciatura,"flask, postgresql","español, inglés",sin certificacion,semi-senior,tecnología,Desarrollador Backend,Desarrollo de APIs y servicios backend,21636,sucre,"python, django, postgresql, apis",2025-09-27,2025-09-26,1
Sofia Vargas 36,10,maestría,"pandas, machine learning, scikit-learn, sql","español, inglés",aws solutions architect,lead,educación,Data Scientist,Análisis de datos y machine learning,33779,sucre,"python, machine learning, sql, estadística",2025-09-12,2025-09-01,1
Miguel Torres 37,0,técnico,"numpy, pandas, scikit-learn, python, machine learning, sql, testing","español, inglés, francés",google cloud professional,manager,salud,Data Scientist,Análisis de datos y machine learning,19164,santa cruz,"python, machine learning, sql, estadística",2025-09-16,2025-09-04,0
Sofia Vargas 38,4,técnico,"angular, typescript","español, inglés, francés",google cloud professional,senior,finanzas,Desarrollador Frontend,Desarrollo de interfaces de usuario,16586,santa cruz,"javascript, react, css, html",2025-09-12,2025-09-04,1
Carlos López 39,1,técnico,"numpy, sql, python, tensorflow, scikit-learn, pandas","español, inglés, francés",microsoft azure fundamentals,junior,tecnología,Data Scientist,Análisis de datos y machine learning,20697,sucre,"python, machine learning, sql, estadística",2025-10-25,2025-10-15,0
Alejandro Silva 40,0,licenciatura,"scikit-learn, numpy, machine learning, tensorflow, pandas, sql",español,scrum master,junior,startup,Data Scientist,Análisis de datos y machine learning,19694,cochabamba,"python, machine learning, sql, estadística",2025-10-29,2025-10-15,0
Lucia Santos 41,3,licenciatura,"python, redis, django, linux","español, inglés, francés",pmp,manager,salud,Desarrollador Backend,Desarrollo de APIs y servicios backend,15589,santa cruz,"python, django, postgresql, apis",2025-09-11,2025-08-30,1
Lucia Santos 42,3,licenciatura,"machine learning, pandas, scikit-learn, tensorflow",español,microsoft azure fundamentals,semi-senior,educación,Data Scientist,Análisis de datos y machine learning,20071,santa cruz,"python, machine learning, sql, estadística",2025-10-13,2025-10-04,1
Miguel Torres 43,8,licenciatura,"django, docker, react, javascript","español, inglés",scrum master,senior,startup,Desarrollador Full Stack,Desarrollo completo frontend y backend,24224,santa cruz,"python, javascript, react, django",2025-10-21,2025-10-14,1
Miguel Torres 44,10,licenciatura,"javascript, docker",español,pmp,semi-senior,salud,Desarrollador Full Stack,Desarrollo completo frontend y backend,24877,cochabamba,"python, javascript, react, django",2025-09-16,2025-09-13,0
Alejandro Silva 45,2,licenciatura,"python, postgresql","español, inglés",google cloud professional,lead,tecnología,Desarrollador Full Stack,Desarrollo completo frontend y backend,18381,tarija,"python, javascript, react, django",2025-10-01,2025-09-22,0
Juan Pérez 46,8,maestría,"pandas, numpy","español, inglés, francés",pmp,semi-senior,salud,Data Scientist,Análisis de datos y machine learning,28293,tarija,"python, machine learning, sql, estadística",2025-10-17,2025-10-16,1
María Rodríguez 47,3,técnico,"python, tensorflow, numpy, linux",español,pmp,lead,tecnología,Data Scientist,Análisis de datos y machine learning,23479,tarija,"python, machine learning, sql, estadística",2025-10-16,2025-10-13,1
Alejandro Silva 48,0,licenciatura,"tensorflow, sql, python, scikit-learn, pandas, agile, linux","español, inglés, francés",scrum master,senior,finanzas,Data Scientist,Análisis de datos y machine learning,18824,cochabamba,"python, machine learning, sql, estadística",2025-09-25,2025-09-21,0
Ana García 49,1,técnico,"python, pandas, scikit-learn, numpy, sql","español, inglés, francés",aws solutions architect,senior,finanzas,Data Scientist,Análisis de datos y machine learning,21250,la paz,"python, machine learning, sql, estadística",2025-09-26,2025-09-13,1
Ana García 50,1,técnico,"mysql, celery, postgresql, flask, redis, django","español, inglés",aws solutions architect,semi-senior,startup,Desarrollador Backend,Desarrollo de APIs y servicios backend,15741,tarija,"python, django, postgresql, apis",2025-10-06,2025-10-03,1
Gabriel Ramos 51,1,técnico,"javascript, angular, typescript, css, react","español, inglés",pmp,manager,finanzas,Desarrollador Frontend,Desarrollo de interfaces de usuario,13557,santa cruz,"javascript, react, css, html",2025-09-03,2025-09-01,1
Carmen Ruiz 52,13,maestría,"angular, react",español,scrum master,senior,startup,Desarrollador Frontend,Desarrollo de interfaces de usuario,28974,cochabamba,"javascript, react, css, html",2025-10-13,2025-09-30,0
Valentina Cruz 53,18,licenciatura,"django, javascript","español, inglés",aws cloud practitioner,semi-senior,tecnología,Desarrollador Full Stack,Desarrollo completo frontend y backend,38531,santa cruz,"python, javascript, react, django",2025-11-08,2025-10-27,1
Alejandro Silva 54,20,maestría,"docker, react, python, javascript, postgresql","español, inglés",scrum master,semi-senior,salud,Desarrollador Full Stack,Desarrollo completo frontend y backend,39583,sucre,"python, javascript, react, django",2025-09-17,2025-09-14,1
Lucia Santos 55,1,licenciatura,"react, python, postgresql, javascript, git, testing","español, inglés, francés",scrum master,junior,salud,Desarrollador Full Stack,Desarrollo completo frontend y backend,18064,tarija,"python, javascript, react, django",2025-09-06,2025-09-05,0
Lucia Santos 56,6,licenciatura,"flask, django, mysql, redis","español, inglés, francés",google cloud professional,lead,startup,Desarrollador Backend,Desarrollo de APIs y servicios backend,23023,santa cruz,"python, django, postgresql, apis",2025-09-28,2025-09-24,0
María Rodríguez 57,1,licenciatura,"flask, django, mysql, redis, celery, python, linux","español, inglés, francés",aws solutions architect,senior,startup,Desarrollador Backend,Desarrollo de APIs y servicios backend,15705,la paz,"python, django, postgresql, apis",2025-10-01,2025-09-21,1
Carlos López 58,2,técnico,"typescript, vue, html, api, git","español, inglés, francés",aws cloud practitioner,senior,tecnología,Desarrollador Frontend,Desarrollo de interfaces de usuario,14397,la paz,"javascript, react, css, html",2025-10-25,2025-10-19,1
Ana García 59,1,licenciatura,"postgresql, react",español,aws solutions architect,senior,startup,Desarrollador Full Stack,Desarrollo completo frontend y backend,17038,la paz,"python, javascript, react, django",2025-11-03,2025-10-25,1
María Rodríguez 60,0,licenciatura,"javascript, vue, html, react, angular, typescript",español,microsoft azure fundamentals,junior,startup,Desarrollador Frontend,Desarrollo de interfaces de usuario,11324,tarija,"javascript, react, css, html",2025-09-21,2025-09-20,1
Miguel Torres 61,2,licenciatura,"postgresql, flask, redis, mysql","español, inglés",sin certificacion,lead,salud,Desarrollador Backend,Desarrollo de APIs y servicios backend,20274,la paz,"python, django, postgresql, apis",2025-09-14,2025-09-06,0
Carlos López 62,6,doctorado,"postgresql, docker, react, linux",español,pmp,senior,startup,Desarrollador Full Stack,Desarrollo completo frontend y backend,24285,tarija,"python, javascript, react, django",2025-09-22,2025-09-17,1
Juan Pérez 63,0,técnico,"django, celery","español, inglés",sin certificacion,lead,startup,Desarrollador Backend,Desarrollo de APIs y servicios backend,13843,tarija,"python, django, postgresql, apis",2025-10-05,2025-10-02,0
Lucia Santos 64,2,técnico,"javascript, vue, css, angular","español, inglés, francés",aws solutions architect,manager,educación,Desarrollador Frontend,Desarrollo de interfaces de usuario,13087,tarija,"javascript, react, css, html",2025-09-30,2025-09-16,1
María Rodríguez 65,0,licenciatura,"sql, pandas, python, numpy, tensorflow, scikit-learn, linux, api",español,sin certificacion,lead,finanzas,Data Scientist,Análisis de datos y machine learning,20244,tarija,"python, machine learning, sql, estadística",2025-11-02,2025-10-21,0
Carmen Ruiz 66,5,licenciatura,"pandas, python, machine learning","español, inglés, francés",aws cloud practitioner,lead,educación,Data Scientist,Análisis de datos y machine learning,22168,sucre,"python, machine learning, sql, estadística",2025-10-01,2025-09-23,1
Gabriel Ramos 67,6,maestría,"sql, python, scikit-learn","español, inglés",aws solutions architect,senior,salud,Data Scientist,Análisis de datos y machine learning,24002,sucre,"python, machine learning, sql, estadística",2025-09-10,2025-09-04,1
Carmen Ruiz 68,13,licenciatura,"celery, python, linux, agile","español, inglés, francés",pmp,manager,finanzas,Desarrollador Backend,Desarrollo de APIs y servicios backend,22085,santa cruz,"python, django, postgresql, apis",2025-09-16,2025-09-13,1
Miguel Torres 69,0,técnico,"docker, javascript, react, django, python, git, linux","español, inglés, francés",google cloud professional,junior,educación,Desarrollador Full Stack,Desarrollo completo frontend y backend,20173,sucre,"python, javascript, react, django",2025-11-05,2025-10-24,0
María Rodríguez 70,1,técnico,"sql, numpy, scikit-learn, machine learning, pandas",español,microsoft azure fundamentals,junior,educación,Data Scientist,Análisis de datos y machine learning,18091,santa cruz,"python, machine learning, sql, estadística",2025-09-04,2025-08-30,1
Carmen Ruiz 71,17,maestría,"docker, postgresql",español,aws cloud practitioner,manager,startup,Desarrollador Full Stack,Desarrollo completo frontend y backend,33472,santa cruz,"python, javascript, react, django",2025-09-20,2025-09-13,0
María Rodríguez 72,0,licenciatura,"css, html, vue, angular, typescript, testing, linux","español, inglés",aws cloud practitioner,semi-senior,salud,Desarrollador Frontend,Desarrollo de interfaces de usuario,13984,cochabamba,"javascript, react, css, html",2025-10-26,2025-10-18,0
Gabriel Ramos 73,1,técnico,"javascript, css, angular, react",español,aws solutions architect,semi-senior,salud,Desarrollador Frontend,Desarrollo de interfaces de usuario,14268,la paz,"javascript, react, css, html",2025-09-17,2025-09-05,0
Miguel Torres 74,0,licenciatura,"python, react","español, inglés",scrum master,senior,startup,Desarrollador Full Stack,Desarrollo completo frontend y backend,20218,tarija,"python, javascript, react, django",2025-09-17,2025-09-15,1
Lucia Santos 75,1,licenciatura,"react, css, typescript, html",español,sin certificacion,lead,finanzas,Desarrollador Frontend,Desarrollo de interfaces de usuario,12101,santa cruz,"javascript, react, css, html",2025-09-14,2025-09-02,1
Valentina Cruz 76,3,maestría,"react, typescript, css, linux",español,google cloud professional,semi-senior,tecnología,Desarrollador Frontend,Desarrollo de interfaces de usuario,16407,la paz,"javascript, react, css, html",2025-09-17,2025-09-08,1
Gabriel Ramos 77,2,licenciatura,"postgresql, python, docker","español, inglés, francés",google cloud professional,junior,educación,Desarrollador Full Stack,Desarrollo completo frontend y backend,20479,santa cruz,"python, javascript, react, django",2025-10-27,2025-10-17,0
Valentina Cruz 78,0,técnico,"typescript, angular","español, inglés, francés",sin certificacion,junior,finanzas,Desarrollador Frontend,Desarrollo de interfaces de usuario,14661,la paz,"javascript, react, css, html",2025-09-25,2025-09-23,0
Carmen Ruiz 79,10,maestría,"javascript, typescript, vue, react","español, inglés",sin certificacion,junior,salud,Desarrollador Frontend,Desarrollo de interfaces de usuario,23337,santa cruz,"javascript, react, css, html",2025-09-14,2025-09-02,0
Lucia Santos 80,4,licenciatura,"angular, javascript, react, vue, typescript, html, agile, git",español,microsoft azure fundamentals,junior,startup,Desarrollador Frontend,Desarrollo de interfaces de usuario,20597,la paz,"javascript, react, css, html",2025-11-08,2025-10-26,0
Miguel Torres 81,2,licenciatura,"pandas, machine learning, numpy, scikit-learn, sql, api",español,aws cloud practitioner,junior,finanzas,Data Scientist,Análisis de datos y machine learning,18161,santa cruz,"python, machine learning, sql, estadística",2025-10-10,2025-09-26,1
María Rodríguez 82,0,técnico,"javascript, typescript, html, vue, css, git","español, inglés, francés",sin certificacion,manager,startup,Desarrollador Frontend,Desarrollo de interfaces de usuario,14921,santa cruz,"javascript, react, css, html",2025-10-08,2025-10-04,0
Diego Morales 83,15,maestría,"pandas, numpy, machine learning, tensorflow","español, inglés, francés",google cloud professional,manager,finanzas,Data Scientist,Análisis de datos y machine learning,27316,santa cruz,"python, machine learning, sql, estadística",2025-09-21,2025-09-19,0
Gabriel Ramos 84,3,licenciatura,"python, django, docker, react, javascript","español, inglés, francés",scrum master,lead,salud,Desarrollador Full Stack,Desarrollo completo frontend y backend,18502,tarija,"python, javascript, react, django",2025-10-26,2025-10-12,1
Sofia Vargas 85,2,licenciatura,"tensorflow, python, numpy, machine learning","español, inglés",microsoft azure fundamentals,manager,finanzas,Data Scientist,Análisis de datos y machine learning,25627,cochabamba,"python, machine learning, sql, estadística",2025-09-12,2025-09-09,1
Gabriel Ramos 86,3,maestría,"javascript, vue, typescript, css, react, angular","español, inglés, francés",google cloud professional,semi-senior,startup,Desarrollador Frontend,Desarrollo de interfaces de usuario,16340,santa cruz,"javascript, react, css, html",2025-09-30,2025-09-26,1
Gabriel Ramos 87,6,maestría,"pandas, sql, numpy, scikit-learn, machine learning, api, testing","español, inglés, francés",aws cloud practitioner,junior,finanzas,Data Scientist,Análisis de datos y machine learning,27630,tarija,"python, machine learning, sql, estadística",2025-09-10,2025-09-05,1
Sofia Vargas 88,4,licenciatura,"javascript, django, react, python, linux, testing","español, inglés",scrum master,lead,educación,Desarrollador Full Stack,Desarrollo completo frontend y backend,20492,la paz,"python, javascript, react, django",2025-10-26,2025-10-23,1
Carmen Ruiz 89,0,licenciatura,"angular, typescript, html","español, inglés",sin certificacion,senior,tecnología,Desarrollador Frontend,Desarrollo de interfaces de usuario,15983,santa cruz,"javascript, react, css, html",2025-09-02,2025-08-31,0
Ana García 90,3,licenciatura,"django, python, redis, celery, postgresql, flask",español,sin certificacion,manager,salud,Desarrollador Backend,Desarrollo de APIs y servicios backend,18426,santa cruz,"python, django, postgresql, apis",2025-10-13,2025-10-07,1
Carlos López 91,2,licenciatura,"django, redis, flask, python, postgresql, mysql, linux, api","español, inglés, francés",google cloud professional,junior,finanzas,Desarrollador Backend,Desarrollo de APIs y servicios backend,17681,la paz,"python, django, postgresql, apis",2025-09-14,2025-09-03,1
Lucia Santos 92,3,licenciatura,"pandas, scikit-learn, python, numpy",español,microsoft azure fundamentals,semi-senior,startup,Data Scientist,Análisis de datos y machine learning,24370,cochabamba,"python, machine learning, sql, estadística",2025-09-16,2025-09-08,1
Gabriel Ramos 93,1,técnico,"machine learning, pandas, tensorflow, scikit-learn, numpy","español, inglés",microsoft azure fundamentals,senior,tecnología,Data Scientist,Análisis de datos y machine learning,16231,santa cruz,"python, machine learning, sql, estadística",2025-09-12,2025-08-30,1
Lucia Santos 94,2,técnico,"django, python, postgresql, flask, redis",español,scrum master,senior,educación,Desarrollador Backend,Desarrollo de APIs y servicios backend,16556,santa cruz,"python, django, postgresql, apis",2025-10-27,2025-10-23,1
Juan Pérez 95,1,técnico,"docker, react, postgresql",español,pmp,lead,startup,Desarrollador Full Stack,Desarrollo completo frontend y backend,14725,cochabamba,"python, javascript, react, django",2025-10-24,2025-10-12,0
Lucia Santos 96,1,licenciatura,"machine learning, numpy, tensorflow, python, scikit-learn","español, inglés",aws cloud practitioner,junior,finanzas,Data Scientist,Análisis de datos y machine learning,17717,cochabamba,"python, machine learning, sql, estadística",2025-10-16,2025-10-05,1
Sofia Vargas 97,2,licenciatura,"numpy, python, pandas, machine learning, api, testing","español, inglés",scrum master,senior,startup,Data Scientist,Análisis de datos y machine learning,18782,sucre,"python, machine learning, sql, estadística",2025-10-08,2025-10-07,1
Miguel Torres 98,2,licenciatura,"mysql, redis, django","español, inglés",aws cloud practitioner,manager,startup,Desarrollador Backend,Desarrollo de APIs y servicios backend,19936,la paz,"python, django, postgresql, apis",2025-09-28,2025-09-21,0
Carmen Ruiz 99,17,doctorado,"css, angular, vue",español,microsoft azure fundamentals,senior,startup,Desarrollador Frontend,Desarrollo de interfaces de usuario,24485,santa cruz,"javascript, react, css, html",2025-10-01,2025-09-26,0
Miguel Torres 100,3,licenciatura,"python, mysql, django, redis, flask, celery, api","español, inglés, francés",pmp,semi-senior,salud,Desarrollador Backend,Desarrollo de APIs y servicios backend,19836,la paz,"python, django, postgresql, apis",2025-09-20,2025-09-07,1
Carlos López 101,0,licenciatura,"html, typescript, angular, react, git",español,aws solutions architect,semi-senior,tecnología,Desarrollador Frontend,Desarrollo de interfaces de usuario,15105,la paz,"javascript, react, css, html",2025-09-14,2025-09-05,1
Carlos López 102,2,técnico,"scikit-learn, python, sql, tensorflow, numpy, pandas, api, testing","español, inglés",aws solutions architect,senior,startup,Data Scientist,Análisis de datos y machine learning,19997,santa cruz,"python, machine learning, sql, estadística",2025-10-02,2025-09-18,1
Valentina Cruz 103,4,licenciatura,"pandas, tensorflow, numpy, machine learning, python",español,aws cloud practitioner,lead,salud,Data Scientist,Análisis de datos y machine learning,25152,tarija,"python, machine learning, sql, estadística",2025-09-23,2025-09-13,1
Alejandro Silva 104,18,doctorado,"tensorflow, machine learning",español,sin certificacion,senior,finanzas,Data Scientist,Análisis de datos y machine learning,34920,sucre,"python, machine learning, sql, estadística",2025-10-15,2025-10-05,1
Lucia Santos 105,3,técnico,"docker, react, python, django, postgresql, javascript, git, api","español, inglés, francés",google cloud professional,manager,educación,Desarrollador Full Stack,Desarrollo completo frontend y backend,22686,cochabamba,"python, javascript, react, django",2025-09-12,2025-09-04,1
Carlos López 106,5,técnico,"pandas, scikit-learn",español,microsoft azure fundamentals,semi-senior,startup,Data Scientist,Análisis de datos y machine learning,25108,tarija,"python, machine learning, sql, estadística",2025-11-01,2025-10-18,0
Carlos López 107,1,técnico,"docker, postgresql, django, javascript, python, react, agile",español,microsoft azure fundamentals,junior,educación,Desarrollador Full Stack,Desarrollo completo frontend y backend,14323,la paz,"python, javascript, react, django",2025-10-15,2025-10-12,1
Juan Pérez 108,0,licenciatura,"postgresql, django, python, react, javascript, docker",español,scrum master,junior,finanzas,Desarrollador Full Stack,Desarrollo completo frontend y backend,21356,sucre,"python, javascript, react, django",2025-10-29,2025-10-24,1
Miguel Torres 109,3,técnico,"tensorflow, pandas, python, sql, api, linux",español,pmp,junior,salud,Data Scientist,Análisis de datos y machine learning,24909,sucre,"python, machine learning, sql, estadística",2025-09-25,2025-09-13,1
Sofia Vargas 110,11,licenciatura,"docker, postgresql, python, javascript","español, inglés",aws cloud practitioner,lead,salud,Desarrollador Full Stack,Desarrollo completo frontend y backend,31118,tarija,"python, javascript, react, django",2025-11-02,2025-10-22,1
Sofia Vargas 111,0,licenciatura,"docker, django, python, react, javascript","español, inglés",aws cloud practitioner,junior,startup,Desarrollador Full Stack,Desarrollo completo frontend y backend,14679,cochabamba,"python, javascript, react, django",2025-09-28,2025-09-18,1
Diego Morales 112,1,licenciatura,"react, css, html, angular, typescript","español, inglés, francés",google cloud professional,junior,educación,Desarrollador Frontend,Desarrollo de interfaces de usuario,13150,la paz,"javascript, react, css, html",2025-08-31,2025-08-29,1
Alejandro Silva 113,3,licenciatura,"python, postgresql, django, react, javascript","español, inglés",aws cloud practitioner,manager,finanzas,Desarrollador Full Stack,Desarrollo completo frontend y backend,21619,tarija,"python, javascript, react, django",2025-10-07,2025-10-03,1
Juan Pérez 114,3,técnico,"python, tensorflow, sql, numpy","español, inglés",google cloud professional,junior,finanzas,Data Scientist,Análisis de datos y machine learning,21223,santa cruz,"python, machine learning, sql, estadística",2025-11-01,2025-10-20,0
Carmen Ruiz 115,3,técnico,"python, sql, pandas, numpy, machine learning",español,scrum master,semi-senior,tecnología,Data Scientist,Análisis de datos y machine learning,21029,sucre,"python, machine learning, sql, estadística",2025-10-25,2025-10-19,1
Carlos López 116,1,técnico,"mysql, redis, celery","español, inglés, francés",aws solutions architect,senior,tecnología,Desarrollador Backend,Desarrollo de APIs y servicios backend,18619,sucre,"python, django, postgresql, apis",2025-10-27,2025-10-21,0
Carlos López 117,2,licenciatura,"postgresql, python, javascript, docker, react",español,aws cloud practitioner,senior,tecnología,Desarrollador Full Stack,Desarrollo completo frontend y backend,16857,tarija,"python, javascript, react, django",2025-10-29,2025-10-20,1
Juan Pérez 118,1,licenciatura,"docker, python, react, agile, api","español, inglés",google cloud professional,manager,startup,Desarrollador Full Stack,Desarrollo completo frontend y backend,19910,sucre,"python, javascript, react, django",2025-10-17,2025-10-12,1
Valentina Cruz 119,5,técnico,"flask, postgresql, python, django, redis","español, inglés, francés",aws solutions architect,semi-senior,salud,Desarrollador Backend,Desarrollo de APIs y servicios backend,21695,la paz,"python, django, postgresql, apis",2025-10-24,2025-10-15,1
María Rodríguez 120,0,licenciatura,"pandas, machine learning, scikit-learn, numpy, python, git, linux","español, inglés",google cloud professional,senior,finanzas,Data Scientist,Análisis de datos y machine learning,16473,cochabamba,"python, machine learning, sql, estadística",2025-09-24,2025-09-19,0
Diego Morales 121,2,licenciatura,"javascript, react","español, inglés, francés",sin certificacion,senior,educación,Desarrollador Frontend,Desarrollo de interfaces de usuario,15444,cochabamba,"javascript, react, css, html",2025-10-26,2025-10-12,0
Carlos López 122,3,licenciatura,"vue, css, angular, typescript, javascript, linux, agile","español, inglés",pmp,manager,finanzas,Desarrollador Frontend,Desarrollo de interfaces de usuario,16741,cochabamba,"javascript, react, css, html",2025-09-24,2025-09-11,0
Miguel Torres 123,2,licenciatura,"typescript, angular, vue","español, inglés",google cloud professional,manager,tecnología,Desarrollador Frontend,Desarrollo de interfaces de usuario,14653,tarija,"javascript, react, css, html",2025-09-15,2025-09-07,1
Carlos López 124,4,licenciatura,"mysql, postgresql, redis, flask, python, django",español,aws cloud practitioner,manager,educación,Desarrollador Backend,Desarrollo de APIs y servicios backend,23617,cochabamba,"python, django, postgresql, apis",2025-11-10,2025-10-27,1
Lucia Santos 125,2,licenciatura,"javascript, python, django, postgresql, linux","español, inglés, francés",aws cloud practitioner,lead,salud,Desarrollador Full Stack,Desarrollo completo frontend y backend,23403,santa cruz,"python, javascript, react, django",2025-10-18,2025-10-13,1
Diego Morales 126,2,licenciatura,"mysql, celery, flask, redis, python","español, inglés",scrum master,manager,finanzas,Desarrollador Backend,Desarrollo de APIs y servicios backend,18814,la paz,"python, django, postgresql, apis",2025-09-17,2025-09-06,0
Miguel Torres 127,3,licenciatura,"react, javascript, html, vue, css, angular, agile, api","español, inglés",scrum master,junior,finanzas,Desarrollador Frontend,Desarrollo de interfaces de usuario,17626,la paz,"javascript, react, css, html",2025-10-02,2025-09-28,0
Carlos López 128,0,licenciatura,"postgresql, react, javascript",español,pmp,senior,tecnología,Desarrollador Full Stack,Desarrollo completo frontend y backend,20362,tarija,"python, javascript, react, django",2025-11-01,2025-10-27,1
Ana García 129,18,maestría,"typescript, react, css","español, inglés, francés",google cloud professional,senior,salud,Desarrollador Frontend,Desarrollo de interfaces de usuario,29903,santa cruz,"javascript, react, css, html",2025-10-24,2025-10-21,0
Valentina Cruz 130,17,maestría,"react, javascript, html","español, inglés",aws solutions architect,junior,finanzas,Desarrollador Frontend,Desarrollo de interfaces de usuario,27908,sucre,"javascript, react, css, html",2025-10-24,2025-10-11,1
Alejandro Silva 131,6,maestría,"postgresql, react","español, inglés, francés",aws solutions architect,junior,startup,Desarrollador Full Stack,Desarrollo completo frontend y backend,24369,cochabamba,"python, javascript, react, django",2025-11-05,2025-10-27,1
Miguel Torres 132,15,licenciatura,"react, css, vue, typescript, html",español,sin certificacion,lead,finanzas,Desarrollador Frontend,Desarrollo de interfaces de usuario,22103,santa cruz,"javascript, react, css, html",2025-10-28,2025-10-18,0
Ana García 133,5,maestría,"css, vue, angular, typescript, html, javascript, git, testing","español, inglés",aws cloud practitioner,semi-senior,tecnología,Desarrollador Frontend,Desarrollo de interfaces de usuario,22206,cochabamba,"javascript, react, css, html",2025-09-21,2025-09-11,1
Carmen Ruiz 134,3,licenciatura,"react, javascript, docker, postgresql, python, django, testing","español, inglés",google cloud professional,lead,startup,Desarrollador Full Stack,Desarrollo completo frontend y backend,22897,la paz,"python, javascript, react, django",2025-09-22,2025-09-12,1
Alejandro Silva 135,0,licenciatura,"redis, django, flask",español,pmp,semi-senior,educación,Desarrollador Backend,Desarrollo de APIs y servicios backend,18865,sucre,"python, django, postgresql, apis",2025-10-07,2025-09-28,0
Lucia Santos 136,1,técnico,"python, sql, machine learning, tensorflow, scikit-learn, pandas, git, testing",español,aws cloud practitioner,junior,finanzas,Data Scientist,Análisis de datos y machine learning,21950,sucre,"python, machine learning, sql, estadística",2025-10-30,2025-10-26,1
Diego Morales 137,0,licenciatura,"celery, postgresql, mysql, redis, python, django, linux","español, inglés",scrum master,manager,educación,Desarrollador Backend,Desarrollo de APIs y servicios backend,20261,sucre,"python, django, postgresql, apis",2025-10-26,2025-10-25,1
Miguel Torres 138,4,licenciatura,"tensorflow, numpy, machine learning, python, scikit-learn","español, inglés",microsoft azure fundamentals,semi-senior,salud,Data Scientist,Análisis de datos y machine learning,22409,cochabamba,"python, machine learning, sql, estadística",2025-10-27,2025-10-13,1
Juan Pérez 139,2,licenciatura,"celery, django, flask","español, inglés",aws cloud practitioner,junior,salud,Desarrollador Backend,Desarrollo de APIs y servicios backend,17776,cochabamba,"python, django, postgresql, apis",2025-09-04,2025-09-03,0
Carlos López 140,3,licenciatura,"scikit-learn, python, machine learning, tensorflow, api, git","español, inglés, francés",aws solutions architect,semi-senior,educación,Data Scientist,Análisis de datos y machine learning,20578,tarija,"python, machine learning, sql, estadística",2025-09-21,2025-09-20,1
Juan Pérez 141,0,licenciatura,"postgresql, django, mysql, api, testing","español, inglés",google cloud professional,lead,tecnología,Desarrollador Backend,Desarrollo de APIs y servicios backend,14227,santa cruz,"python, django, postgresql, apis",2025-09-24,2025-09-11,1
María Rodríguez 142,1,licenciatura,"django, postgresql, flask, mysql, python, celery, git, agile","español, inglés, francés",aws cloud practitioner,junior,startup,Desarrollador Backend,Desarrollo de APIs y servicios backend,19918,la paz,"python, django, postgresql, apis",2025-09-14,2025-09-04,1
Alejandro Silva 143,0,licenciatura,"celery, mysql, flask, api","español, inglés, francés",sin certificacion,lead,finanzas,Desarrollador Backend,Desarrollo de APIs y servicios backend,13700,la paz,"python, django, postgresql, apis",2025-10-06,2025-10-05,0
Lucia Santos 144,18,maestría,"pandas, sql",español,aws solutions architect,lead,educación,Data Scientist,Análisis de datos y machine learning,40796,la paz,"python, machine learning, sql, estadística",2025-09-18,2025-09-06,0
Valentina Cruz 145,13,licenciatura,"postgresql, python, react, javascript, django, docker","español, inglés",sin certificacion,senior,salud,Desarrollador Full Stack,Desarrollo completo frontend y backend,25871,sucre,"python, javascript, react, django",2025-10-19,2025-10-12,1
Lucia Santos 146,1,licenciatura,"angular, typescript","español, inglés, francés",aws solutions architect,manager,tecnología,Desarrollador Frontend,Desarrollo de interfaces de usuario,16239,cochabamba,"javascript, react, css, html",2025-10-12,2025-09-28,1
Miguel Torres 147,2,licenciatura,"python, react, postgresql, javascript, docker, agile","español, inglés, francés",aws cloud practitioner,lead,salud,Desarrollador Full Stack,Desarrollo completo frontend y backend,18336,tarija,"python, javascript, react, django",2025-10-05,2025-09-22,1
Valentina Cruz 148,10,licenciatura,"sql, pandas, numpy, scikit-learn, machine learning",español,sin certificacion,semi-senior,salud,Data Scientist,Análisis de datos y machine learning,27037,sucre,"python, machine learning, sql, estadística",2025-09-18,2025-09-13,1
Juan Pérez 149,1,licenciatura,"react, javascript","español, inglés",pmp,manager,startup,Desarrollador Full Stack,Desarrollo completo frontend y backend,22123,santa cruz,"python, javascript, react, django",2025-10-11,2025-10-09,1
Diego Morales 150,1,licenciatura,"celery, flask, python, redis, agile, api",español,sin certificacion,junior,salud,Desarrollador Backend,Desarrollo de APIs y servicios backend,18343,cochabamba,"python, django, postgresql, apis",2025-10-01,2025-09-18,0
Diego Morales 151,2,licenciatura,"typescript, javascript, css","español, inglés",aws solutions architect,manager,salud,Desarrollador Frontend,Desarrollo de interfaces de usuario,15775,cochabamba,"javascript, react, css, html",2025-09-26,2025-09-18,0
Carmen Ruiz 152,2,técnico,"docker, django, python, javascript, testing","español, inglés, francés",aws cloud practitioner,senior,finanzas,Desarrollador Full Stack,Desarrollo completo frontend y backend,15496,la paz,"python, javascript, react, django",2025-10-27,2025-10-19,1
Alejandro Silva 153,3,licenciatura,"javascript, django, react, docker, linux, testing","español, inglés, francés",aws solutions architect,junior,finanzas,Desarrollador Full Stack,Desarrollo completo frontend y backend,24269,la paz,"python, javascript, react, django",2025-09-26,2025-09-14,0
Ana García 154,0,licenciatura,"typescript, vue, css, react","español, inglés, francés",microsoft azure fundamentals,manager,startup,Desarrollador Frontend,Desarrollo de interfaces de usuario,16772,sucre,"javascript, react, css, html",2025-09-17,2025-09-15,0
Diego Morales 155,6,doctorado,"javascript, react, django",español,microsoft azure fundamentals,manager,finanzas,Desarrollador Full Stack,Desarrollo completo frontend y backend,25499,sucre,"python, javascript, react, django",2025-10-07,2025-09-23,1
Carmen Ruiz 156,0,técnico,"html, typescript, vue, angular",español,aws cloud practitioner,senior,tecnología,Desarrollador Frontend,Desarrollo de interfaces de usuario,12820,la paz,"javascript, react, css, html",2025-09-12,2025-09-05,0
Alejandro Silva 157,1,licenciatura,"python, docker, postgresql",español,scrum master,semi-senior,salud,Desarrollador Full Stack,Desarrollo completo frontend y backend,17409,tarija,"python, javascript, react, django",2025-10-29,2025-10-24,1
Alejandro Silva 158,9,maestría,"typescript, javascript, html, css, vue, react","español, inglés, francés",microsoft azure fundamentals,semi-senior,tecnología,Desarrollador Frontend,Desarrollo de interfaces de usuario,21722,sucre,"javascript, react, css, html",2025-09-25,2025-09-12,1
Juan Pérez 159,1,licenciatura,"flask, django, linux",español,pmp,semi-senior,tecnología,Desarrollador Backend,Desarrollo de APIs y servicios backend,17562,cochabamba,"python, django, postgresql, apis",2025-10-24,2025-10-21,0
Gabriel Ramos 160,12,maestría,"javascript, django, postgresql, react, docker, python",español,aws cloud practitioner,senior,educación,Desarrollador Full Stack,Desarrollo completo frontend y backend,27212,cochabamba,"python, javascript, react, django",2025-09-20,2025-09-11,1
Gabriel Ramos 161,4,licenciatura,"python, django, docker",español,aws cloud practitioner,junior,salud,Desarrollador Full Stack,Desarrollo completo frontend y backend,17947,cochabamba,"python, javascript, react, django",2025-09-17,2025-09-08,1
Carmen Ruiz 162,4,técnico,"javascript, django, python, api, git","español, inglés, francés",microsoft azure fundamentals,junior,tecnología,Desarrollador Full Stack,Desarrollo completo frontend y backend,18327,la paz,"python, javascript, react, django",2025-10-23,2025-10-19,1
Miguel Torres 163,4,licenciatura,"sql, python, pandas","español, inglés",sin certificacion,senior,tecnología,Data Scientist,Análisis de datos y machine learning,21791,santa cruz,"python, machine learning, sql, estadística",2025-09-13,2025-09-06,1
Alejandro Silva 164,8,licenciatura,"sql, python, tensorflow, machine learning, numpy, pandas","español, inglés, francés",scrum master,semi-senior,tecnología,Data Scientist,Análisis de datos y machine learning,30871,cochabamba,"python, machine learning, sql, estadística",2025-09-18,2025-09-09,1
Lucia Santos 165,1,licenciatura,"sql, machine learning, pandas, scikit-learn, tensorflow, numpy, linux, agile","español, inglés",sin certificacion,senior,finanzas,Data Scientist,Análisis de datos y machine learning,24154,la paz,"python, machine learning, sql, estadística",2025-09-10,2025-09-05,1
Juan Pérez 166,17,licenciatura,"scikit-learn, numpy, machine learning, python, sql, pandas",español,sin certificacion,lead,tecnología,Data Scientist,Análisis de datos y machine learning,37047,cochabamba,"python, machine learning, sql, estadística",2025-10-22,2025-10-19,0
Miguel Torres 167,5,licenciatura,"python, pandas, machine learning, sql",español,scrum master,senior,startup,Data Scientist,Análisis de datos y machine learning,23756,tarija,"python, machine learning, sql, estadística",2025-09-27,2025-09-15,1
Miguel Torres 168,5,técnico,"postgresql, celery, redis, django, python, flask","español, inglés",aws solutions architect,junior,startup,Desarrollador Backend,Desarrollo de APIs y servicios backend,23291,tarija,"python, django, postgresql, apis",2025-10-05,2025-09-27,1
Valentina Cruz 169,3,licenciatura,"numpy, pandas, python, scikit-learn","español, inglés, francés",scrum master,junior,finanzas,Data Scientist,Análisis de datos y machine learning,25904,tarija,"python, machine learning, sql, estadística",2025-09-23,2025-09-12,1
Sofia Vargas 170,20,doctorado,"angular, typescript, react, html, javascript, vue, testing, agile",español,aws cloud practitioner,semi-senior,salud,Desarrollador Frontend,Desarrollo de interfaces de usuario,28576,santa cruz,"javascript, react, css, html",2025-09-14,2025-09-04,1
Sofia Vargas 171,0,licenciatura,"css, html, react, angular, javascript, vue","español, inglés",scrum master,manager,startup,Desarrollador Frontend,Desarrollo de interfaces de usuario,11844,santa cruz,"javascript, react, css, html",2025-09-17,2025-09-08,0
Miguel Torres 172,1,licenciatura,"typescript, javascript, angular, vue",español,aws solutions architect,semi-senior,finanzas,Desarrollador Frontend,Desarrollo de interfaces de usuario,13350,la paz,"javascript, react, css, html",2025-10-18,2025-10-14,0
Juan Pérez 173,9,maestría,"numpy, sql, machine learning, tensorflow, scikit-learn, python","español, inglés, francés",microsoft azure fundamentals,junior,tecnología,Data Scientist,Análisis de datos y machine learning,27043,santa cruz,"python, machine learning, sql, estadística",2025-10-10,2025-09-30,0
Diego Morales 174,5,licenciatura,"sql, tensorflow","español, inglés",sin certificacion,lead,finanzas,Data Scientist,Análisis de datos y machine learning,26821,tarija,"python, machine learning, sql, estadística",2025-10-29,2025-10-15,0
Sofia Vargas 175,1,licenciatura,"flask, mysql, redis, python","español, inglés, francés",google cloud professional,semi-senior,finanzas,Desarrollador Backend,Desarrollo de APIs y servicios backend,20302,tarija,"python, django, postgresql, apis",2025-10-06,2025-09-30,0
María Rodríguez 176,14,maestría,"mysql, redis, celery, python","español, inglés",aws solutions architect,senior,educación,Desarrollador Backend,Desarrollo de APIs y servicios backend,32959,sucre,"python, django, postgresql, apis",2025-10-13,2025-10-03,1
Carlos López 177,2,licenciatura,"numpy, python, scikit-learn, pandas","español, inglés, francés",sin certificacion,senior,finanzas,Data Scientist,Análisis de datos y machine learning,25136,santa cruz,"python, machine learning, sql, estadística",2025-10-23,2025-10-19,1
Juan Pérez 178,3,licenciatura,"typescript, css, react","español, inglés, francés",aws solutions architect,lead,tecnología,Desarrollador Frontend,Desarrollo de interfaces de usuario,14283,tarija,"javascript, react, css, html",2025-11-03,2025-10-23,1
Carmen Ruiz 179,0,licenciatura,"mysql, python, celery, flask, postgresql, redis","español, inglés",pmp,semi-senior,educación,Desarrollador Backend,Desarrollo de APIs y servicios backend,13716,la paz,"python, django, postgresql, apis",2025-11-04,2025-10-24,1
Ana García 180,11,maestría,"docker, postgresql, git",español,google cloud professional,senior,tecnología,Desarrollador Full Stack,Desarrollo completo frontend y backend,32392,tarija,"python, javascript, react, django",2025-09-13,2025-09-05,1
Ana García 181,3,licenciatura,"redis, celery",español,sin certificacion,senior,salud,Desarrollador Backend,Desarrollo de APIs y servicios backend,20274,tarija,"python, django, postgresql, apis",2025-09-11,2025-09-04,0
Carmen Ruiz 182,15,maestría,"html, typescript","español, inglés",google cloud professional,manager,tecnología,Desarrollador Frontend,Desarrollo de interfaces de usuario,22392,la paz,"javascript, react, css, html",2025-10-21,2025-10-13,0
Alejandro Silva 183,12,maestría,"postgresql, mysql, flask, redis, python, celery, api, agile","español, inglés, francés",aws solutions architect,lead,tecnología,Desarrollador Backend,Desarrollo de APIs y servicios backend,26036,santa cruz,"python, django, postgresql, apis",2025-09-15,2025-09-08,0
Valentina Cruz 184,13,maestría,"machine learning, tensorflow, numpy, sql, pandas, scikit-learn, agile, api","español, inglés",scrum master,junior,educación,Data Scientist,Análisis de datos y machine learning,26647,tarija,"python, machine learning, sql, estadística",2025-09-29,2025-09-15,1
Diego Morales 185,1,licenciatura,"python, numpy, scikit-learn, tensorflow, sql, machine learning",español,microsoft azure fundamentals,manager,startup,Data Scientist,Análisis de datos y machine learning,24127,tarija,"python, machine learning, sql, estadística",2025-10-25,2025-10-19,1
Juan Pérez 186,1,técnico,"pandas, tensorflow, numpy, scikit-learn","español, inglés",aws solutions architect,senior,tecnología,Data Scientist,Análisis de datos y machine learning,16546,la paz,"python, machine learning, sql, estadística",2025-09-29,2025-09-15,0
Gabriel Ramos 187,0,licenciatura,"tensorflow, sql, machine learning, pandas, linux",español,google cloud professional,junior,finanzas,Data Scientist,Análisis de datos y machine learning,18320,tarija,"python, machine learning, sql, estadística",2025-09-04,2025-09-03,1
Gabriel Ramos 188,3,técnico,"redis, python, celery, flask, django, git","español, inglés, francés",aws solutions architect,senior,salud,Desarrollador Backend,Desarrollo de APIs y servicios backend,19509,sucre,"python, django, postgresql, apis",2025-09-03,2025-09-01,1
María Rodríguez 189,8,maestría,"javascript, python, django, postgresql, react, docker","español, inglés, francés",scrum master,manager,finanzas,Desarrollador Full Stack,Desarrollo completo frontend y backend,22491,santa cruz,"python, javascript, react, django",2025-09-17,2025-09-04,1
Sofia Vargas 190,1,licenciatura,"react, vue, html, typescript","español, inglés",google cloud professional,semi-senior,startup,Desarrollador Frontend,Desarrollo de interfaces de usuario,13173,la paz,"javascript, react, css, html",2025-09-22,2025-09-08,0
Carmen Ruiz 191,3,licenciatura,"postgresql, python, docker, testing",español,google cloud professional,senior,educación,Desarrollador Full Stack,Desarrollo completo frontend y backend,20943,la paz,"python, javascript, react, django",2025-09-26,2025-09-23,1
Miguel Torres 192,0,licenciatura,"django, flask, python, postgresql, celery, testing, git","español, inglés, francés",microsoft azure fundamentals,manager,tecnología,Desarrollador Backend,Desarrollo de APIs y servicios backend,19094,tarija,"python, django, postgresql, apis",2025-10-06,2025-09-23,1
Ana García 193,5,licenciatura,"react, html, css, vue, linux, git",español,aws solutions architect,lead,startup,Desarrollador Frontend,Desarrollo de interfaces de usuario,19902,santa cruz,"javascript, react, css, html",2025-10-12,2025-09-28,1
Alejandro Silva 194,1,técnico,"python, celery, redis, postgresql, django, agile","español, inglés",sin certificacion,lead,educación,Desarrollador Backend,Desarrollo de APIs y servicios backend,16189,la paz,"python, django, postgresql, apis",2025-10-09,2025-10-06,1
Miguel Torres 195,11,doctorado,"docker, javascript, python, postgresql, react","español, inglés, francés",aws cloud practitioner,manager,salud,Desarrollador Full Stack,Desarrollo completo frontend y backend,24357,la paz,"python, javascript, react, django",2025-09-24,2025-09-12,1
María Rodríguez 196,1,licenciatura,"python, mysql, flask, django, celery, agile, api",español,aws cloud practitioner,junior,startup,Desarrollador Backend,Desarrollo de APIs y servicios backend,19795,cochabamba,"python, django, postgresql, apis",2025-09-25,2025-09-21,1
Diego Morales 197,2,licenciatura,"sql, numpy, python, machine learning, scikit-learn, pandas","español, inglés, francés",scrum master,senior,finanzas,Data Scientist,Análisis de datos y machine learning,22851,sucre,"python, machine learning, sql, estadística",2025-09-08,2025-09-04,1
Ana García 198,1,licenciatura,"javascript, django, postgresql, python",español,scrum master,junior,educación,Desarrollador Full Stack,Desarrollo completo frontend y backend,19475,tarija,"python, javascript, react, django",2025-09-09,2025-08-31,1
Valentina Cruz 199,1,licenciatura,"tensorflow, pandas, python","español, inglés, francés",pmp,junior,salud,Data Scientist,Análisis de datos y machine learning,20487,sucre,"python, machine learning, sql, estadística",2025-09-21,2025-09-08,0
Miguel Torres 200,3,técnico,"css, javascript, vue","español, inglés, francés",aws solutions architect,lead,salud,Desarrollador Frontend,Desarrollo de interfaces de usuario,15481,santa cruz,"javascript, react, css, html",2025-11-02,2025-10-19,1
Ana García 201,3,técnico,"javascript, vue, html","español, inglés",sin certificacion,semi-senior,finanzas,Desarrollador Frontend,Desarrollo de interfaces de usuario,16639,sucre,"javascript, react, css, html",2025-09-14,2025-09-05,1
Juan Pérez 202,1,licenciatura,"react, postgresql, python, docker, django, javascript",español,microsoft azure fundamentals,manager,startup,Desarrollador Full Stack,Desarrollo completo frontend y backend,21032,cochabamba,"python, javascript, react, django",2025-10-21,2025-10-08,1
Valentina Cruz 203,3,técnico,"css, vue, react, angular, html",español,sin certificacion,semi-senior,tecnología,Desarrollador Frontend,Desarrollo de interfaces de usuario,18396,sucre,"javascript, react, css, html",2025-09-27,2025-09-15,1
María Rodríguez 204,1,licenciatura,"javascript, angular, css, react","español, inglés, francés",aws cloud practitioner,manager,tecnología,Desarrollador Frontend,Desarrollo de interfaces de usuario,16222,santa cruz,"javascript, react, css, html",2025-09-24,2025-09-14,1
Ana García 205,0,licenciatura,"css, html, git","español, inglés, francés",pmp,semi-senior,finanzas,Desarrollador Frontend,Desarrollo de interfaces de usuario,12704,tarija,"javascript, react, css, html",2025-10-27,2025-10-14,0
María Rodríguez 206,4,técnico,"docker, python, django, javascript, react, api","español, inglés",aws cloud practitioner,junior,startup,Desarrollador Full Stack,Desarrollo completo frontend y backend,18788,sucre,"python, javascript, react, django",2025-10-15,2025-10-09,1
Sofia Vargas 207,3,técnico,"pandas, machine learning, sql, python, tensorflow, agile, git",español,google cloud professional,lead,tecnología,Data Scientist,Análisis de datos y machine learning,24362,la paz,"python, machine learning, sql, estadística",2025-09-15,2025-09-08,1
Carlos López 208,0,licenciatura,"django, python, docker, javascript, react, postgresql","español, inglés, francés",scrum master,semi-senior,educación,Desarrollador Full Stack,Desarrollo completo frontend y backend,14735,la paz,"python, javascript, react, django",2025-09-24,2025-09-17,1
Valentina Cruz 209,5,técnico,"react, python, javascript, postgresql",español,scrum master,senior,startup,Desarrollador Full Stack,Desarrollo completo frontend y backend,21466,la paz,"python, javascript, react, django",2025-09-24,2025-09-12,1
Alejandro Silva 210,0,técnico,"celery, flask, mysql","español, inglés, francés",google cloud professional,lead,startup,Desarrollador Backend,Desarrollo de APIs y servicios backend,16365,cochabamba,"python, django, postgresql, apis",2025-11-04,2025-10-22,0
Carmen Ruiz 211,2,licenciatura,"docker, postgresql, python, django","español, inglés, francés",google cloud professional,semi-senior,startup,Desarrollador Full Stack,Desarrollo completo frontend y backend,21551,cochabamba,"python, javascript, react, django",2025-09-11,2025-09-10,0
Miguel Torres 212,5,licenciatura,"html, react, typescript","español, inglés",aws cloud practitioner,manager,tecnología,Desarrollador Frontend,Desarrollo de interfaces de usuario,21156,la paz,"javascript, react, css, html",2025-10-27,2025-10-14,0
Miguel Torres 213,13,licenciatura,"celery, redis, mysql, flask",español,aws cloud practitioner,lead,salud,Desarrollador Backend,Desarrollo de APIs y servicios backend,32227,sucre,"python, django, postgresql, apis",2025-10-06,2025-09-24,0
Juan Pérez 214,2,técnico,"react, css",español,scrum master,senior,tecnología,Desarrollador Frontend,Desarrollo de interfaces de usuario,15440,cochabamba,"javascript, react, css, html",2025-10-23,2025-10-21,1
Alejandro Silva 215,0,licenciatura,"mysql, redis","español, inglés",google cloud professional,lead,salud,Desarrollador Backend,Desarrollo de APIs y servicios backend,16271,sucre,"python, django, postgresql, apis",2025-10-02,2025-09-30,0
Lucia Santos 216,2,licenciatura,"typescript, react, vue, html, javascript",español,scrum master,junior,educación,Desarrollador Frontend,Desarrollo de interfaces de usuario,13454,la paz,"javascript, react, css, html",2025-09-19,2025-09-13,1
Carmen Ruiz 217,0,licenciatura,"scikit-learn, numpy, sql, tensorflow, pandas, machine learning","español, inglés, francés",aws cloud practitioner,senior,educación,Data Scientist,Análisis de datos y machine learning,20184,sucre,"python, machine learning, sql, estadística",2025-09-28,2025-09-24,0
Juan Pérez 218,3,licenciatura,"scikit-learn, python",español,scrum master,semi-senior,salud,Data Scientist,Análisis de datos y machine learning,21011,cochabamba,"python, machine learning, sql, estadística",2025-10-24,2025-10-16,1
Gabriel Ramos 219,0,licenciatura,"scikit-learn, numpy, sql, machine learning, pandas, tensorflow","español, inglés, francés",aws cloud practitioner,manager,salud,Data Scientist,Análisis de datos y machine learning,19656,tarija,"python, machine learning, sql, estadística",2025-10-31,2025-10-19,0
Diego Morales 220,0,licenciatura,"numpy, pandas, python, scikit-learn, machine learning","español, inglés",google cloud professional,junior,tecnología,Data Scientist,Análisis de datos y machine learning,18859,cochabamba,"python, machine learning, sql, estadística",2025-09-24,2025-09-10,1
Ana García 221,1,técnico,"react, javascript, python, django, postgresql, docker, api",español,pmp,manager,educación,Desarrollador Full Stack,Desarrollo completo frontend y backend,17094,la paz,"python, javascript, react, django",2025-09-27,2025-09-17,1
Gabriel Ramos 222,1,licenciatura,"machine learning, sql, pandas, tensorflow, scikit-learn, testing","español, inglés",sin certificacion,junior,finanzas,Data Scientist,Análisis de datos y machine learning,22200,tarija,"python, machine learning, sql, estadística",2025-09-09,2025-09-03,0
Miguel Torres 223,3,técnico,"python, react, docker, postgresql, javascript, django","español, inglés",sin certificacion,semi-senior,finanzas,Desarrollador Full Stack,Desarrollo completo frontend y backend,21093,sucre,"python, javascript, react, django",2025-10-04,2025-10-03,1
Valentina Cruz 224,1,técnico,"javascript, django, react, linux, git","español, inglés, francés",microsoft azure fundamentals,junior,startup,Desarrollador Full Stack,Desarrollo completo frontend y backend,19388,cochabamba,"python, javascript, react, django",2025-10-31,2025-10-22,1
Carlos López 225,11,maestría,"django, docker","español, inglés",pmp,manager,educación,Desarrollador Full Stack,Desarrollo completo frontend y backend,33272,sucre,"python, javascript, react, django",2025-09-26,2025-09-12,1
Lucia Santos 226,5,licenciatura,"javascript, django, docker, python, react, postgresql","español, inglés",microsoft azure fundamentals,semi-senior,startup,Desarrollador Full Stack,Desarrollo completo frontend y backend,19982,sucre,"python, javascript, react, django",2025-09-14,2025-09-06,1
Ana García 227,0,técnico,"css, javascript","español, inglés",aws cloud practitioner,junior,startup,Desarrollador Frontend,Desarrollo de interfaces de usuario,14889,santa cruz,"javascript, react, css, html",2025-10-17,2025-10-13,0
Gabriel Ramos 228,3,licenciatura,"javascript, django",español,microsoft azure fundamentals,semi-senior,salud,Desarrollador Full Stack,Desarrollo completo frontend y backend,22034,tarija,"python, javascript, react, django",2025-09-09,2025-08-31,1
Ana García 229,1,técnico,"tensorflow, numpy, sql, scikit-learn, pandas, api, git",español,aws solutions architect,semi-senior,tecnología,Data Scientist,Análisis de datos y machine learning,16252,santa cruz,"python, machine learning, sql, estadística",2025-10-18,2025-10-13,1
María Rodríguez 230,1,licenciatura,"python, react, api, testing","español, inglés, francés",pmp,senior,tecnología,Desarrollador Full Stack,Desarrollo completo frontend y backend,17601,santa cruz,"python, javascript, react, django",2025-09-27,2025-09-17,1
Diego Morales 231,1,técnico,"html, css, typescript, javascript, react, angular","español, inglés, francés",pmp,semi-senior,startup,Desarrollador Frontend,Desarrollo de interfaces de usuario,16350,tarija,"javascript, react, css, html",2025-10-19,2025-10-11,1
Juan Pérez 232,0,licenciatura,"react, javascript, python, api, testing",español,sin certificacion,semi-senior,startup,Desarrollador Full Stack,Desarrollo completo frontend y backend,17741,sucre,"python, javascript, react, django",2025-09-09,2025-09-03,1
Valentina Cruz 233,0,licenciatura,"sql, machine learning, scikit-learn, tensorflow, numpy, python",español,sin certificacion,junior,salud,Data Scientist,Análisis de datos y machine learning,18801,sucre,"python, machine learning, sql, estadística",2025-10-21,2025-10-13,0
Juan Pérez 234,1,licenciatura,"react, typescript, angular","español, inglés",microsoft azure fundamentals,senior,startup,Desarrollador Frontend,Desarrollo de interfaces de usuario,13930,sucre,"javascript, react, css, html",2025-09-30,2025-09-24,0
Gabriel Ramos 235,1,licenciatura,"javascript, html, react",español,microsoft azure fundamentals,manager,salud,Desarrollador Frontend,Desarrollo de interfaces de usuario,13477,la paz,"javascript, react, css, html",2025-09-09,2025-08-30,1
Sofia Vargas 236,1,licenciatura,"sql, tensorflow, pandas","español, inglés, francés",aws cloud practitioner,semi-senior,finanzas,Data Scientist,Análisis de datos y machine learning,22173,la paz,"python, machine learning, sql, estadística",2025-09-17,2025-09-13,0
Juan Pérez 237,0,técnico,"javascript, react, python, postgresql, docker, django, git","español, inglés, francés",aws solutions architect,junior,tecnología,Desarrollador Full Stack,Desarrollo completo frontend y backend,14080,tarija,"python, javascript, react, django",2025-09-04,2025-09-01,0
Carlos López 238,1,licenciatura,"mysql, flask, postgresql, api","español, inglés",sin certificacion,junior,finanzas,Desarrollador Backend,Desarrollo de APIs y servicios backend,16057,la paz,"python, django, postgresql, apis",2025-09-10,2025-09-08,0
Diego Morales 239,1,técnico,"css, angular, javascript, agile",español,sin certificacion,junior,tecnología,Desarrollador Frontend,Desarrollo de interfaces de usuario,13605,santa cruz,"javascript, react, css, html",2025-09-10,2025-09-07,1
María Rodríguez 240,18,maestría,"pandas, scikit-learn",español,aws solutions architect,lead,startup,Data Scientist,Análisis de datos y machine learning,41578,cochabamba,"python, machine learning, sql, estadística",2025-10-18,2025-10-09,0
Lucia Santos 241,4,licenciatura,"vue, react, javascript, agile","español, inglés, francés",microsoft azure fundamentals,junior,startup,Desarrollador Frontend,Desarrollo de interfaces de usuario,15577,sucre,"javascript, react, css, html",2025-10-12,2025-09-28,1
Lucia Santos 242,17,licenciatura,"numpy, pandas, sql, machine learning","español, inglés, francés",sin certificacion,manager,tecnología,Data Scientist,Análisis de datos y machine learning,35372,la paz,"python, machine learning, sql, estadística",2025-10-27,2025-10-17,0
Alejandro Silva 243,2,técnico,"machine learning, numpy, python, tensorflow, sql","español, inglés",sin certificacion,lead,salud,Data Scientist,Análisis de datos y machine learning,19559,tarija,"python, machine learning, sql, estadística",2025-09-16,2025-09-12,1
Carmen Ruiz 244,0,licenciatura,"javascript, docker, react, postgresql, django, python, testing","español, inglés",scrum master,senior,salud,Desarrollador Full Stack,Desarrollo completo frontend y backend,17615,cochabamba,"python, javascript, react, django",2025-09-21,2025-09-09,1
Diego Morales 245,3,licenciatura,"pandas, sql, scikit-learn, python, tensorflow, machine learning, testing, agile",español,aws cloud practitioner,lead,finanzas,Data Scientist,Análisis de datos y machine learning,22288,la paz,"python, machine learning, sql, estadística",2025-10-22,2025-10-17,1
Diego Morales 246,0,licenciatura,"redis, flask, postgresql, mysql","español, inglés, francés",microsoft azure fundamentals,manager,educación,Desarrollador Backend,Desarrollo de APIs y servicios backend,16678,la paz,"python, django, postgresql, apis",2025-09-16,2025-09-07,1
Juan Pérez 247,2,licenciatura,"react, docker, django","español, inglés, francés",scrum master,semi-senior,salud,Desarrollador Full Stack,Desarrollo completo frontend y backend,17175,sucre,"python, javascript, react, django",2025-10-16,2025-10-12,1
Lucia Santos 248,12,licenciatura,"numpy, tensorflow, scikit-learn, pandas",español,aws solutions architect,lead,educación,Data Scientist,Análisis de datos y machine learning,25165,tarija,"python, machine learning, sql, estadística",2025-10-12,2025-10-06,0
Diego Morales 249,3,técnico,"pandas, tensorflow, sql","español, inglés, francés",aws cloud practitioner,lead,finanzas,Data Scientist,Análisis de datos y machine learning,21805,cochabamba,"python, machine learning, sql, estadística",2025-10-09,2025-10-05,1
Carlos López 250,14,maestría,"python, react, django, docker, javascript","español, inglés",scrum master,semi-senior,educación,Desarrollador Full Stack,Desarrollo completo frontend y backend,35678,cochabamba,"python, javascript, react, django",2025-10-31,2025-10-18,1
Miguel Torres 251,4,licenciatura,"mysql, django, celery, postgresql, redis","español, inglés, francés",scrum master,senior,startup,Desarrollador Backend,Desarrollo de APIs y servicios backend,22140,tarija,"python, django, postgresql, apis",2025-10-31,2025-10-22,1
María Rodríguez 252,0,licenciatura,"javascript, postgresql, django, python","español, inglés",pmp,manager,finanzas,Desarrollador Full Stack,Desarrollo completo frontend y backend,20653,la paz,"python, javascript, react, django",2025-10-08,2025-10-06,1
Diego Morales 253,0,técnico,"python, tensorflow, sql, scikit-learn, pandas","español, inglés",aws solutions architect,semi-senior,salud,Data Scientist,Análisis de datos y machine learning,20689,santa cruz,"python, machine learning, sql, estadística",2025-09-29,2025-09-18,0
Sofia Vargas 254,1,licenciatura,"mysql, django, python, flask, celery, testing, agile","español, inglés",pmp,semi-senior,finanzas,Desarrollador Backend,Desarrollo de APIs y servicios backend,18909,santa cruz,"python, django, postgresql, apis",2025-09-26,2025-09-19,1
Sofia Vargas 255,0,licenciatura,"machine learning, numpy, linux, api",español,microsoft azure fundamentals,semi-senior,salud,Data Scientist,Análisis de datos y machine learning,22279,la paz,"python, machine learning, sql, estadística",2025-09-12,2025-09-03,1
Lucia Santos 256,6,maestría,"postgresql, celery, linux",español,scrum master,senior,startup,Desarrollador Backend,Desarrollo de APIs y servicios backend,21175,sucre,"python, django, postgresql, apis",2025-09-26,2025-09-16,1
Gabriel Ramos 257,20,maestría,"numpy, python, pandas, machine learning, scikit-learn, linux","español, inglés",aws solutions architect,lead,salud,Data Scientist,Análisis de datos y machine learning,36319,santa cruz,"python, machine learning, sql, estadística",2025-10-26,2025-10-14,1
Valentina Cruz 258,1,licenciatura,"django, react, docker, testing, git","español, inglés, francés",microsoft azure fundamentals,lead,tecnología,Desarrollador Full Stack,Desarrollo completo frontend y backend,21783,la paz,"python, javascript, react, django",2025-09-23,2025-09-19,0
María Rodríguez 259,3,técnico,"redis, flask, postgresql, mysql, api",español,pmp,semi-senior,tecnología,Desarrollador Backend,Desarrollo de APIs y servicios backend,21993,santa cruz,"python, django, postgresql, apis",2025-10-11,2025-10-03,1
Sofia Vargas 260,2,licenciatura,"vue, html, angular, react, javascript, typescript","español, inglés",aws solutions architect,junior,tecnología,Desarrollador Frontend,Desarrollo de interfaces de usuario,17932,la paz,"javascript, react, css, html",2025-10-21,2025-10-10,1
Ana García 261,2,técnico,"postgresql, redis, python, agile","español, inglés",aws solutions architect,lead,startup,Desarrollador Backend,Desarrollo de APIs y servicios backend,21106,la paz,"python, django, postgresql, apis",2025-11-01,2025-10-27,0
María Rodríguez 262,17,doctorado,"pandas, scikit-learn, sql, machine learning",español,scrum master,junior,finanzas,Data Scientist,Análisis de datos y machine learning,42637,tarija,"python, machine learning, sql, estadística",2025-10-28,2025-10-27,1
Carmen Ruiz 263,14,maestría,"django, python, javascript, postgresql, react, api, testing","español, inglés, francés",sin certificacion,manager,tecnología,Desarrollador Full Stack,Desarrollo completo frontend y backend,35062,santa cruz,"python, javascript, react, django",2025-09-06,2025-09-01,1
Carlos López 264,4,licenciatura,"postgresql, flask, mysql, python, celery, redis","español, inglés, francés",aws cloud practitioner,lead,educación,Desarrollador Backend,Desarrollo de APIs y servicios backend,23216,tarija,"python, django, postgresql, apis",2025-09-09,2025-08-31,1
María Rodríguez 265,0,licenciatura,"redis, mysql, celery, django, postgresql","español, inglés, francés",sin certificacion,junior,educación,Desarrollador Backend,Desarrollo de APIs y servicios backend,14959,santa cruz,"python, django, postgresql, apis",2025-09-23,2025-09-11,1
Alejandro Silva 266,11,licenciatura,"celery, django, linux","español, inglés",pmp,lead,educación,Desarrollador Backend,Desarrollo de APIs y servicios backend,23516,la paz,"python, django, postgresql, apis",2025-09-20,2025-09-17,0
María Rodríguez 267,0,licenciatura,"css, react, html, angular, vue, typescript","español, inglés",aws cloud practitioner,junior,educación,Desarrollador Frontend,Desarrollo de interfaces de usuario,12444,santa cruz,"javascript, react, css, html",2025-09-18,2025-09-06,1
Lucia Santos 268,6,licenciatura,"tensorflow, machine learning, sql","español, inglés",scrum master,semi-senior,finanzas,Data Scientist,Análisis de datos y machine learning,27711,cochabamba,"python, machine learning, sql, estadística",2025-10-16,2025-10-08,1
Miguel Torres 269,2,licenciatura,"flask, django, postgresql, redis, mysql, api, testing","español, inglés",scrum master,senior,startup,Desarrollador Backend,Desarrollo de APIs y servicios backend,19584,la paz,"python, django, postgresql, apis",2025-10-19,2025-10-06,1
Ana García 270,3,licenciatura,"mysql, django, flask",español,aws cloud practitioner,lead,educación,Desarrollador Backend,Desarrollo de APIs y servicios backend,15942,la paz,"python, django, postgresql, apis",2025-10-09,2025-09-26,1
Diego Morales 271,0,licenciatura,"flask, mysql, python, django, postgresql, celery","español, inglés, francés",scrum master,junior,tecnología,Desarrollador Backend,Desarrollo de APIs y servicios backend,18896,sucre,"python, django, postgresql, apis",2025-09-07,2025-09-04,1
María Rodríguez 272,0,técnico,"python, numpy, scikit-learn, pandas, sql","español, inglés, francés",scrum master,junior,finanzas,Data Scientist,Análisis de datos y machine learning,18571,sucre,"python, machine learning, sql, estadística",2025-09-11,2025-09-10,0
Alejandro Silva 273,3,licenciatura,"angular, css, vue, git","español, inglés, francés",sin certificacion,semi-senior,finanzas,Desarrollador Frontend,Desarrollo de interfaces de usuario,17139,cochabamba,"javascript, react, css, html",2025-09-29,2025-09-27,0
Ana García 274,3,técnico,"postgresql, redis, python","español, inglés",google cloud professional,semi-senior,finanzas,Desarrollador Backend,Desarrollo de APIs y servicios backend,16029,cochabamba,"python, django, postgresql, apis",2025-10-31,2025-10-21,1
Sofia Vargas 275,0,licenciatura,"postgresql, mysql, python, redis, django, testing, api","español, inglés, francés",pmp,junior,startup,Desarrollador Backend,Desarrollo de APIs y servicios backend,18054,cochabamba,"python, django, postgresql, apis",2025-09-29,2025-09-20,1
Sofia Vargas 276,0,licenciatura,"vue, html, typescript, react","español, inglés",pmp,lead,tecnología,Desarrollador Frontend,Desarrollo de interfaces de usuario,16554,la paz,"javascript, react, css, html",2025-09-12,2025-09-04,0
Alejandro Silva 277,1,licenciatura,"python, django","español, inglés, francés",pmp,junior,startup,Desarrollador Full Stack,Desarrollo completo frontend y backend,19392,sucre,"python, javascript, react, django",2025-11-04,2025-10-21,1
Carlos López 278,0,licenciatura,"django, mysql, redis, postgresql, python","español, inglés",sin certificacion,junior,finanzas,Desarrollador Backend,Desarrollo de APIs y servicios backend,14288,santa cruz,"python, django, postgresql, apis",2025-09-08,2025-09-05,1
María Rodríguez 279,2,licenciatura,"numpy, python, tensorflow, pandas, scikit-learn, machine learning","español, inglés",sin certificacion,semi-senior,startup,Data Scientist,Análisis de datos y machine learning,22666,sucre,"python, machine learning, sql, estadística",2025-09-18,2025-09-07,1
María Rodríguez 280,4,licenciatura,"postgresql, redis, celery, mysql","español, inglés, francés",aws solutions architect,manager,educación,Desarrollador Backend,Desarrollo de APIs y servicios backend,16643,cochabamba,"python, django, postgresql, apis",2025-10-11,2025-10-08,1
Diego Morales 281,1,licenciatura,"css, javascript, vue, react, typescript","español, inglés",aws solutions architect,senior,salud,Desarrollador Frontend,Desarrollo de interfaces de usuario,15022,la paz,"javascript, react, css, html",2025-10-07,2025-10-02,1
Miguel Torres 282,3,técnico,"python, docker, django, javascript, react",español,aws cloud practitioner,senior,finanzas,Desarrollador Full Stack,Desarrollo completo frontend y backend,17728,sucre,"python, javascript, react, django",2025-10-11,2025-10-06,1
Ana García 283,3,licenciatura,"django, flask, redis","español, inglés, francés",aws solutions architect,manager,tecnología,Desarrollador Backend,Desarrollo de APIs y servicios backend,20260,sucre,"python, django, postgresql, apis",2025-09-05,2025-08-31,0
María Rodríguez 284,7,licenciatura,"docker, python, react","español, inglés, francés",aws cloud practitioner,senior,tecnología,Desarrollador Full Stack,Desarrollo completo frontend y backend,26905,sucre,"python, javascript, react, django",2025-10-04,2025-09-26,1
Valentina Cruz 285,0,licenciatura,"javascript, react, django","español, inglés, francés",pmp,semi-senior,salud,Desarrollador Full Stack,Desarrollo completo frontend y backend,21438,cochabamba,"python, javascript, react, django",2025-09-17,2025-09-03,0
Sofia Vargas 286,4,licenciatura,"css, typescript, angular, html, vue, react","español, inglés",microsoft azure fundamentals,senior,tecnología,Desarrollador Frontend,Desarrollo de interfaces de usuario,15152,sucre,"javascript, react, css, html",2025-09-05,2025-08-30,1
Gabriel Ramos 287,5,licenciatura,"typescript, html, css","español, inglés, francés",aws cloud practitioner,lead,salud,Desarrollador Frontend,Desarrollo de interfaces de usuario,21422,la paz,"javascript, react, css, html",2025-10-03,2025-09-23,1
Carlos López 288,2,licenciatura,"django, react, javascript, python, docker, git","español, inglés, francés",sin certificacion,lead,salud,Desarrollador Full Stack,Desarrollo completo frontend y backend,18875,cochabamba,"python, javascript, react, django",2025-09-11,2025-08-29,1
Sofia Vargas 289,0,licenciatura,"flask, celery, postgresql, python, mysql","español, inglés, francés",aws solutions architect,manager,startup,Desarrollador Backend,Desarrollo de APIs y servicios backend,14312,cochabamba,"python, django, postgresql, apis",2025-09-21,2025-09-17,0
Valentina Cruz 290,2,licenciatura,"typescript, css, javascript, vue",español,aws cloud practitioner,manager,startup,Desarrollador Frontend,Desarrollo de interfaces de usuario,13300,santa cruz,"javascript, react, css, html",2025-09-09,2025-09-05,1
Sofia Vargas 291,1,técnico,"javascript, django, linux, git","español, inglés, francés",scrum master,senior,educación,Desarrollador Full Stack,Desarrollo completo frontend y backend,16809,la paz,"python, javascript, react, django",2025-10-25,2025-10-11,0
Lucia Santos 292,1,licenciatura,"react, postgresql, git","español, inglés",aws cloud practitioner,semi-senior,educación,Desarrollador Full Stack,Desarrollo completo frontend y backend,15128,sucre,"python, javascript, react, django",2025-09-14,2025-09-09,1
Alejandro Silva 293,1,licenciatura,"react, css, api, agile","español, inglés, francés",aws solutions architect,manager,educación,Desarrollador Frontend,Desarrollo de interfaces de usuario,12856,la paz,"javascript, react, css, html",2025-10-23,2025-10-11,1
Carlos López 294,0,licenciatura,"postgresql, docker",español,pmp,junior,educación,Desarrollador Full Stack,Desarrollo completo frontend y backend,17075,cochabamba,"python, javascript, react, django",2025-09-11,2025-09-05,1
Miguel Torres 295,4,técnico,"sql, scikit-learn, machine learning, python, tensorflow","español, inglés",sin certificacion,lead,educación,Data Scientist,Análisis de datos y machine learning,21969,la paz,"python, machine learning, sql, estadística",2025-10-10,2025-09-26,1
Carmen Ruiz 296,1,técnico,"docker, django, python, react, javascript, postgresql","español, inglés, francés",google cloud professional,lead,tecnología,Desarrollador Full Stack,Desarrollo completo frontend y backend,19485,tarija,"python, javascript, react, django",2025-10-08,2025-09-28,1
Lucia Santos 297,3,licenciatura,"html, css, angular, javascript, vue, typescript, api, testing",español,aws cloud practitioner,junior,finanzas,Desarrollador Frontend,Desarrollo de interfaces de usuario,18669,tarija,"javascript, react, css, html",2025-10-22,2025-10-12,1
Diego Morales 298,4,licenciatura,"javascript, django, postgresql, python, docker","español, inglés",microsoft azure fundamentals,senior,tecnología,Desarrollador Full Stack,Desarrollo completo frontend y backend,25170,santa cruz,"python, javascript, react, django",2025-10-26,2025-10-22,1
Juan Pérez 299,2,licenciatura,"docker, postgresql, react, javascript, python, django",español,sin certificacion,semi-senior,educación,Desarrollador Full Stack,Desarrollo completo frontend y backend,16632,sucre,"python, javascript, react, django",2025-09-28,2025-09-26,1
Diego Morales 300,1,licenciatura,"pandas, tensorflow",español,microsoft azure fundamentals,junior,educación,Data Scientist,Análisis de datos y machine learning,22495,sucre,"python, machine learning, sql, estadística",2025-09-16,2025-09-13,0
